global_code,global_name,sdg_region_code,sdg_region_name,sdg_subregion_code,sdg_subregion_name,unfpa_region_code,unfpa_region_name,un_development_region_code,un_development_region_name,ldc_region_code,ldc_region_name,lldc_region_code,lldc_region_name,sids_region_code,sids_region_name,country_or_area,M49_Code,iso2code,iso3code,id,dhs_countrycode
001,World,62,Central Asia and Southern Asia,34,Southern Asia,1610,Asia and the Pacific,902,Less developed regions,199,Least Developed Countries (LDCs),432,Landlocked developing countries (LLDCs),,,Afghanistan,4,AF,AFG,1,AF
001,World,513,Northern America and Europe,154,Northern Europe,1616,non-UNFPA,902,Less developed regions,,,,,,,Åland Islands,248,AX,ALA,2,
001,World,513,Northern America and Europe,39,Southern Europe,1612,Eastern Europe and Central Asia,901,More developed regions,,,,,,,Albania,8,AL,ALB,3,AL
001,World,747,Western Asia and Northern Africa,15,Northern Africa,1611,Arab States,902,Less developed regions,,,,,,,Algeria,12,DZ,DZA,4,
001,World,543,Oceania excluding Australia and New Zealand,61,Polynesia,1616,non-UNFPA,902,Less developed regions,,,,,722,Small island developing States (SIDS),American Samoa,16,AS,ASM,5,
001,World,513,Northern America and Europe,39,Southern Europe,1616,non-UNFPA,901,More developed regions,,,,,,,Andorra,20,AD,AND,6,
001,World,202,Sub-Saharan Africa,17,Middle Africa,1703,East and Southern Africa,902,Less developed regions,199,Least Developed Countries (LDCs),,,,,Angola,24,AO,AGO,7,AO
001,World,419,Latin America and the Caribbean,29,Caribbean,1613,Latin American and Caribbean,902,Less developed regions,,,,,722,Small island developing States (SIDS),Anguilla,660,AI,AIA,8,
001,World,419,Latin America and the Caribbean,29,Caribbean,1613,Latin American and Caribbean,902,Less developed regions,,,,,722,Small island developing States (SIDS),Antigua and Barbuda,28,AG,ATG,9,
001,World,419,Latin America and the Caribbean,5,South America,1613,Latin American and Caribbean,902,Less developed regions,,,,,,,Argentina,32,AR,ARG,10,
001,World,747,Western Asia and Northern Africa,145,Western Asia,1612,Eastern Europe and Central Asia,902,Less developed regions,,,432,Landlocked developing countries (LLDCs),,,Armenia,51,AM,ARM,11,AM
001,World,419,Latin America and the Caribbean,29,Caribbean,1613,Latin American and Caribbean,902,Less developed regions,,,,,722,Small island developing States (SIDS),Aruba,533,AW,ABW,12,
001,World,53,Australia and New Zealand,53,Australia and New Zealand,1616,non-UNFPA,901,More developed regions,,,,,,,Australia,36,AU,AUS,13,
001,World,513,Northern America and Europe,155,Western Europe,1616,non-UNFPA,901,More developed regions,,,,,,,Austria,40,AT,AUT,14,
001,World,747,Western Asia and Northern Africa,145,Western Asia,1612,Eastern Europe and Central Asia,902,Less developed regions,,,432,Landlocked developing countries (LLDCs),,,Azerbaijan,31,AZ,AZE,15,AZ
001,World,419,Latin America and the Caribbean,29,Caribbean,1613,Latin American and Caribbean,902,Less developed regions,,,,,722,Small island developing States (SIDS),Bahamas,44,BS,BHS,16,
001,World,747,Western Asia and Northern Africa,145,Western Asia,1616,non-UNFPA,902,Less developed regions,,,,,,,Bahrain,48,BH,BHR,17,
001,World,62,Central Asia and Southern Asia,34,Southern Asia,1610,Asia and the Pacific,902,Less developed regions,199,Least Developed Countries (LDCs),,,,,Bangladesh,50,BD,BGD,18,BD
001,World,419,Latin America and the Caribbean,29,Caribbean,1613,Latin American and Caribbean,902,Less developed regions,,,,,722,Small island developing States (SIDS),Barbados,52,BB,BRB,19,
001,World,513,Northern America and Europe,151,Eastern Europe,1612,Eastern Europe and Central Asia,901,More developed regions,,,,,,,Belarus,112,BY,BLR,20,
001,World,513,Northern America and Europe,155,Western Europe,1616,non-UNFPA,901,More developed regions,,,,,,,Belgium,56,BE,BEL,21,
001,World,419,Latin America and the Caribbean,13,Central America,1613,Latin American and Caribbean,902,Less developed regions,,,,,722,Small island developing States (SIDS),Belize,84,BZ,BLZ,22,
001,World,202,Sub-Saharan Africa,11,Western Africa,1704,West and Central Africa,902,Less developed regions,199,Least Developed Countries (LDCs),,,,,Benin,204,BJ,BEN,23,BJ
001,World,513,Northern America and Europe,21,Northern America,1613,Latin American and Caribbean,901,More developed regions,,,,,,,Bermuda,60,BM,BMU,24,
001,World,62,Central Asia and Southern Asia,34,Southern Asia,1610,Asia and the Pacific,902,Less developed regions,199,Least Developed Countries (LDCs),432,Landlocked developing countries (LLDCs),,,Bhutan,64,BT,BTN,25,
001,World,419,Latin America and the Caribbean,5,South America,1613,Latin American and Caribbean,902,Less developed regions,,,432,Landlocked developing countries (LLDCs),,,Bolivia (Plurinational State of),68,BO,BOL,26,BO
001,World,419,Latin America and the Caribbean,29,Caribbean,1616,non-UNFPA,902,Less developed regions,,,,,722,Small island developing States (SIDS),"Bonaire, Sint Eustatius and Saba",535,BQ,BES,27,
001,World,513,Northern America and Europe,39,Southern Europe,1612,Eastern Europe and Central Asia,901,More developed regions,,,,,,,Bosnia and Herzegovina,70,BA,BIH,28,
001,World,202,Sub-Saharan Africa,18,Southern Africa,1703,East and Southern Africa,902,Less developed regions,,,432,Landlocked developing countries (LLDCs),,,Botswana,72,BW,BWA,29,BT
001,World,419,Latin America and the Caribbean,5,South America,1613,Latin American and Caribbean,902,Less developed regions,,,,,,,Brazil,76,BR,BRA,30,BR
001,World,202,Sub-Saharan Africa,14,Eastern Africa,1616,non-UNFPA,902,Less developed regions,,,,,,,British Indian Ocean Territory,86,IO,IOT,31,
001,World,419,Latin America and the Caribbean,29,Caribbean,1613,Latin American and Caribbean,902,Less developed regions,,,,,722,Small island developing States (SIDS),British Virgin Islands,92,VG,VGB,32,
001,World,753,Eastern Asia and South-eastern Asia,35,South-eastern Asia,1616,non-UNFPA,902,Less developed regions,,,,,,,Brunei Darussalam,96,BN,BRN,33,
001,World,513,Northern America and Europe,151,Eastern Europe,1616,non-UNFPA,901,More developed regions,,,,,,,Bulgaria,100,BG,BGR,34,
001,World,202,Sub-Saharan Africa,11,Western Africa,1704,West and Central Africa,902,Less developed regions,199,Least Developed Countries (LDCs),432,Landlocked developing countries (LLDCs),,,Burkina Faso,854,BF,BFA,35,BF
001,World,202,Sub-Saharan Africa,14,Eastern Africa,1703,East and Southern Africa,902,Less developed regions,199,Least Developed Countries (LDCs),432,Landlocked developing countries (LLDCs),,,Burundi,108,BI,BDI,36,BU
001,World,202,Sub-Saharan Africa,11,Western Africa,1704,West and Central Africa,902,Less developed regions,,,,,722,Small island developing States (SIDS),Cabo Verde,132,CV,CPV,37,CV
001,World,753,Eastern Asia and South-eastern Asia,35,South-eastern Asia,1610,Asia and the Pacific,902,Less developed regions,199,Least Developed Countries (LDCs),,,,,Cambodia,116,KH,KHM,38,KH
001,World,202,Sub-Saharan Africa,17,Middle Africa,1704,West and Central Africa,902,Less developed regions,,,,,,,Cameroon,120,CM,CMR,39,CM
001,World,513,Northern America and Europe,21,Northern America,1616,non-UNFPA,901,More developed regions,,,,,,,Canada,124,CA,CAN,40,
001,World,419,Latin America and the Caribbean,29,Caribbean,1613,Latin American and Caribbean,902,Less developed regions,,,,,,,Cayman Islands,136,KY,CYM,41,
001,World,202,Sub-Saharan Africa,17,Middle Africa,1704,West and Central Africa,902,Less developed regions,199,Least Developed Countries (LDCs),432,Landlocked developing countries (LLDCs),,,Central African Republic,140,CF,CAF,42,CF
001,World,202,Sub-Saharan Africa,17,Middle Africa,1704,West and Central Africa,902,Less developed regions,199,Least Developed Countries (LDCs),432,Landlocked developing countries (LLDCs),,,Chad,148,TD,TCD,43,TD
001,World,513,Northern America and Europe,154,Northern Europe,1616,non-UNFPA,901,More developed regions,,,,,,,Channel Islands,830,#N/A,<NA>,44,
001,World,419,Latin America and the Caribbean,5,South America,1613,Latin American and Caribbean,902,Less developed regions,,,,,,,Chile,152,CL,CHL,45,
001,World,753,Eastern Asia and South-eastern Asia,30,Eastern Asia,1610,Asia and the Pacific,902,Less developed regions,,,,,,,China,156,CN,CHN,46,
001,World,753,Eastern Asia and South-eastern Asia,30,Eastern Asia,1616,non-UNFPA,902,Less developed regions,,,,,,,"China, Hong Kong Special Administrative Region",344,HK,HKG,47,
001,World,753,Eastern Asia and South-eastern Asia,30,Eastern Asia,1616,non-UNFPA,902,Less developed regions,,,,,,,"China, Macao Special Administrative Region",446,MO,MAC,48,
001,World,53,Australia and New Zealand,53,Australia and New Zealand,1616,non-UNFPA,902,Less developed regions,,,,,,,Christmas Island,162,CX,CXR,49,
001,World,53,Australia and New Zealand,53,Australia and New Zealand,1616,non-UNFPA,902,Less developed regions,,,,,,,Cocos (Keeling) Islands,166,CC,CCK,50,
001,World,419,Latin America and the Caribbean,5,South America,1613,Latin American and Caribbean,902,Less developed regions,,,,,,,Colombia,170,CO,COL,51,CO
001,World,202,Sub-Saharan Africa,14,Eastern Africa,1703,East and Southern Africa,902,Less developed regions,199,Least Developed Countries (LDCs),,,722,Small island developing States (SIDS),Comoros,174,KM,COM,52,KM
001,World,202,Sub-Saharan Africa,17,Middle Africa,1704,West and Central Africa,902,Less developed regions,,,,,,,Congo,178,CG,COG,53,CG
001,World,543,Oceania excluding Australia and New Zealand,61,Polynesia,1610,Asia and the Pacific,902,Less developed regions,,,,,722,Small island developing States (SIDS),Cook Islands,184,CK,COK,54,
001,World,419,Latin America and the Caribbean,13,Central America,1613,Latin American and Caribbean,902,Less developed regions,,,,,,,Costa Rica,188,CR,CRI,55,
001,World,202,Sub-Saharan Africa,11,Western Africa,1704,West and Central Africa,902,Less developed regions,,,,,,,Côte d'Ivoire,384,CI,CIV,56,CI
001,World,513,Northern America and Europe,39,Southern Europe,1616,non-UNFPA,901,More developed regions,,,,,,,Croatia,191,HR,HRV,57,
001,World,419,Latin America and the Caribbean,29,Caribbean,1613,Latin American and Caribbean,902,Less developed regions,,,,,722,Small island developing States (SIDS),Cuba,192,CU,CUB,58,
001,World,419,Latin America and the Caribbean,29,Caribbean,1613,Latin American and Caribbean,902,Less developed regions,,,,,722,Small island developing States (SIDS),Curaçao,531,CW,CUW,59,
001,World,747,Western Asia and Northern Africa,145,Western Asia,1616,non-UNFPA,902,Less developed regions,,,,,,,Cyprus,196,CY,CYP,60,
001,World,513,Northern America and Europe,151,Eastern Europe,1616,non-UNFPA,901,More developed regions,,,,,,,Czechia,203,CZ,CZE,61,
001,World,753,Eastern Asia and South-eastern Asia,30,Eastern Asia,1610,Asia and the Pacific,902,Less developed regions,,,,,,,Democratic People's Republic of Korea,408,KP,PRK,62,
001,World,202,Sub-Saharan Africa,17,Middle Africa,1703,East and Southern Africa,902,Less developed regions,199,Least Developed Countries (LDCs),,,,,Democratic Republic of the Congo,180,CD,COD,63,CD
001,World,513,Northern America and Europe,154,Northern Europe,1616,non-UNFPA,901,More developed regions,,,,,,,Denmark,208,DK,DNK,64,
001,World,202,Sub-Saharan Africa,14,Eastern Africa,1611,Arab States,902,Less developed regions,199,Least Developed Countries (LDCs),,,,,Djibouti,262,DJ,DJI,65,
001,World,419,Latin America and the Caribbean,29,Caribbean,1613,Latin American and Caribbean,902,Less developed regions,,,,,722,Small island developing States (SIDS),Dominica,212,DM,DMA,66,
001,World,419,Latin America and the Caribbean,29,Caribbean,1613,Latin American and Caribbean,902,Less developed regions,,,,,722,Small island developing States (SIDS),Dominican Republic,214,DO,DOM,67,DR
001,World,419,Latin America and the Caribbean,5,South America,1613,Latin American and Caribbean,902,Less developed regions,,,,,,,Ecuador,218,EC,ECU,68,EC
001,World,747,Western Asia and Northern Africa,15,Northern Africa,1611,Arab States,902,Less developed regions,,,,,,,Egypt,818,EG,EGY,69,EG
001,World,419,Latin America and the Caribbean,13,Central America,1613,Latin American and Caribbean,902,Less developed regions,,,,,,,El Salvador,222,SV,SLV,70,ES
001,World,202,Sub-Saharan Africa,17,Middle Africa,1704,West and Central Africa,902,Less developed regions,,,,,,,Equatorial Guinea,226,GQ,GNQ,71,EK
001,World,202,Sub-Saharan Africa,14,Eastern Africa,1703,East and Southern Africa,902,Less developed regions,199,Least Developed Countries (LDCs),,,,,Eritrea,232,ER,ERI,72,ER
001,World,513,Northern America and Europe,154,Northern Europe,1616,non-UNFPA,901,More developed regions,,,,,,,Estonia,233,EE,EST,73,
001,World,202,Sub-Saharan Africa,18,Southern Africa,1703,East and Southern Africa,902,Less developed regions,,,432,Landlocked developing countries (LLDCs),,,Eswatini,748,SZ,SWZ,213,SZ
001,World,202,Sub-Saharan Africa,14,Eastern Africa,1703,East and Southern Africa,902,Less developed regions,199,Least Developed Countries (LDCs),432,Landlocked developing countries (LLDCs),,,Ethiopia,231,ET,ETH,74,ET
001,World,419,Latin America and the Caribbean,5,South America,1616,non-UNFPA,902,Less developed regions,,,,,,,Falkland Islands (Malvinas),238,FK,FLK,75,
001,World,513,Northern America and Europe,154,Northern Europe,1616,non-UNFPA,901,More developed regions,,,,,,,Faroe Islands,234,FO,FRO,76,
001,World,543,Oceania excluding Australia and New Zealand,54,Melanesia,1610,Asia and the Pacific,902,Less developed regions,,,,,722,Small island developing States (SIDS),Fiji,242,FJ,FJI,77,
001,World,513,Northern America and Europe,154,Northern Europe,1616,non-UNFPA,901,More developed regions,,,,,,,Finland,246,FI,FIN,78,
001,World,513,Northern America and Europe,155,Western Europe,1616,non-UNFPA,901,More developed regions,,,,,,,France,250,FR,FRA,79,
001,World,419,Latin America and the Caribbean,5,South America,1616,non-UNFPA,902,Less developed regions,,,,,,,French Guiana,254,GF,GUF,80,
001,World,543,Oceania excluding Australia and New Zealand,61,Polynesia,1616,non-UNFPA,902,Less developed regions,,,,,722,Small island developing States (SIDS),French Polynesia,258,PF,PYF,81,
001,World,202,Sub-Saharan Africa,14,Eastern Africa,1616,non-UNFPA,902,Less developed regions,,,,,,,French Southern and Antarctic Territories,260,TF,ATF,82,
001,World,202,Sub-Saharan Africa,17,Middle Africa,1704,West and Central Africa,902,Less developed regions,,,,,,,Gabon,266,GA,GAB,83,GA
001,World,202,Sub-Saharan Africa,11,Western Africa,1704,West and Central Africa,902,Less developed regions,199,Least Developed Countries (LDCs),,,,,Gambia,270,GM,GMB,84,GM
001,World,747,Western Asia and Northern Africa,145,Western Asia,1612,Eastern Europe and Central Asia,902,Less developed regions,,,,,,,Georgia,268,GE,GEO,85,
001,World,513,Northern America and Europe,155,Western Europe,1616,non-UNFPA,901,More developed regions,,,,,,,Germany,276,DE,DEU,86,
001,World,202,Sub-Saharan Africa,11,Western Africa,1704,West and Central Africa,902,Less developed regions,,,,,,,Ghana,288,GH,GHA,87,GH
001,World,513,Northern America and Europe,39,Southern Europe,1616,non-UNFPA,901,More developed regions,,,,,,,Gibraltar,292,GI,GIB,88,
001,World,513,Northern America and Europe,39,Southern Europe,1616,non-UNFPA,901,More developed regions,,,,,,,Greece,300,GR,GRC,89,
001,World,513,Northern America and Europe,21,Northern America,1616,non-UNFPA,901,More developed regions,,,,,,,Greenland,304,GL,GRL,90,
001,World,419,Latin America and the Caribbean,29,Caribbean,1613,Latin American and Caribbean,902,Less developed regions,,,,,722,Small island developing States (SIDS),Grenada,308,GD,GRD,91,
001,World,419,Latin America and the Caribbean,29,Caribbean,1616,non-UNFPA,902,Less developed regions,,,,,,,Guadeloupe,312,GP,GLP,92,
001,World,543,Oceania excluding Australia and New Zealand,57,Micronesia,1616,non-UNFPA,902,Less developed regions,,,,,722,Small island developing States (SIDS),Guam,316,GU,GUM,93,
001,World,419,Latin America and the Caribbean,13,Central America,1613,Latin American and Caribbean,902,Less developed regions,,,,,,,Guatemala,320,GT,GTM,94,GU
001,World,513,Northern America and Europe,154,Northern Europe,1616,non-UNFPA,902,Less developed regions,,,,,,,Guernsey,831,GG,GGY,95,
001,World,202,Sub-Saharan Africa,11,Western Africa,1704,West and Central Africa,902,Less developed regions,199,Least Developed Countries (LDCs),,,,,Guinea,324,GN,GIN,96,GN
001,World,202,Sub-Saharan Africa,11,Western Africa,1704,West and Central Africa,902,Less developed regions,199,Least Developed Countries (LDCs),,,722,Small island developing States (SIDS),Guinea-Bissau,624,GW,GNB,97,
001,World,419,Latin America and the Caribbean,5,South America,1613,Latin American and Caribbean,902,Less developed regions,,,,,722,Small island developing States (SIDS),Guyana,328,GY,GUY,98,GY
001,World,419,Latin America and the Caribbean,29,Caribbean,1613,Latin American and Caribbean,902,Less developed regions,199,Least Developed Countries (LDCs),,,722,Small island developing States (SIDS),Haiti,332,HT,HTI,99,HT
001,World,53,Australia and New Zealand,53,Australia and New Zealand,1616,non-UNFPA,902,Less developed regions,,,,,,,Heard Island and McDonald Islands,334,HM,HMD,100,
001,World,513,Northern America and Europe,39,Southern Europe,1616,non-UNFPA,901,More developed regions,,,,,,,Holy See,336,VA,VAT,101,
001,World,419,Latin America and the Caribbean,13,Central America,1613,Latin American and Caribbean,902,Less developed regions,,,,,,,Honduras,340,HN,HND,102,HN
001,World,513,Northern America and Europe,151,Eastern Europe,1616,non-UNFPA,901,More developed regions,,,,,,,Hungary,348,HU,HUN,103,
001,World,513,Northern America and Europe,154,Northern Europe,1616,non-UNFPA,901,More developed regions,,,,,,,Iceland,352,IS,ISL,104,
001,World,62,Central Asia and Southern Asia,34,Southern Asia,1610,Asia and the Pacific,902,Less developed regions,,,,,,,India,356,IN,IND,105,IA
001,World,753,Eastern Asia and South-eastern Asia,35,South-eastern Asia,1610,Asia and the Pacific,902,Less developed regions,,,,,,,Indonesia,360,ID,IDN,106,ID
001,World,62,Central Asia and Southern Asia,34,Southern Asia,1610,Asia and the Pacific,902,Less developed regions,,,,,,,Iran (Islamic Republic of),364,IR,IRN,107,
001,World,747,Western Asia and Northern Africa,145,Western Asia,1611,Arab States,902,Less developed regions,,,,,,,Iraq,368,IQ,IRQ,108,
001,World,513,Northern America and Europe,154,Northern Europe,1616,non-UNFPA,901,More developed regions,,,,,,,Ireland,372,IE,IRL,109,
001,World,513,Northern America and Europe,154,Northern Europe,1616,non-UNFPA,901,More developed regions,,,,,,,Isle of Man,833,IM,IMN,110,
001,World,747,Western Asia and Northern Africa,145,Western Asia,1616,non-UNFPA,902,Less developed regions,,,,,,,Israel,376,IL,ISR,111,
001,World,513,Northern America and Europe,39,Southern Europe,1616,non-UNFPA,901,More developed regions,,,,,,,Italy,380,IT,ITA,112,
001,World,419,Latin America and the Caribbean,29,Caribbean,1613,Latin American and Caribbean,902,Less developed regions,,,,,722,Small island developing States (SIDS),Jamaica,388,JM,JAM,113,
001,World,753,Eastern Asia and South-eastern Asia,30,Eastern Asia,1616,non-UNFPA,901,More developed regions,,,,,,,Japan,392,JP,JPN,114,
001,World,513,Northern America and Europe,154,Northern Europe,1616,non-UNFPA,902,Less developed regions,,,,,,,Jersey,832,JE,JEY,115,
001,World,747,Western Asia and Northern Africa,145,Western Asia,1611,Arab States,902,Less developed regions,,,,,,,Jordan,400,JO,JOR,116,JO
001,World,62,Central Asia and Southern Asia,143,Central Asia,1612,Eastern Europe and Central Asia,902,Less developed regions,,,432,Landlocked developing countries (LLDCs),,,Kazakhstan,398,KZ,KAZ,117,KK
001,World,202,Sub-Saharan Africa,14,Eastern Africa,1703,East and Southern Africa,902,Less developed regions,,,,,,,Kenya,404,KE,KEN,118,KE
001,World,543,Oceania excluding Australia and New Zealand,57,Micronesia,1610,Asia and the Pacific,902,Less developed regions,199,Least Developed Countries (LDCs),,,722,Small island developing States (SIDS),Kiribati,296,KI,KIR,119,
001,World,747,Western Asia and Northern Africa,145,Western Asia,1616,non-UNFPA,902,Less developed regions,,,,,,,Kuwait,414,KW,KWT,120,
001,World,62,Central Asia and Southern Asia,143,Central Asia,1612,Eastern Europe and Central Asia,902,Less developed regions,,,432,Landlocked developing countries (LLDCs),,,Kyrgyzstan,417,KG,KGZ,121,KY
001,World,753,Eastern Asia and South-eastern Asia,35,South-eastern Asia,1610,Asia and the Pacific,902,Less developed regions,199,Least Developed Countries (LDCs),432,Landlocked developing countries (LLDCs),,,Lao People's Democratic Republic,418,LA,LAO,122,LA
001,World,513,Northern America and Europe,154,Northern Europe,1616,non-UNFPA,901,More developed regions,,,,,,,Latvia,428,LV,LVA,123,
001,World,747,Western Asia and Northern Africa,145,Western Asia,1611,Arab States,902,Less developed regions,,,,,,,Lebanon,422,LB,LBN,124,
001,World,202,Sub-Saharan Africa,18,Southern Africa,1703,East and Southern Africa,902,Less developed regions,199,Least Developed Countries (LDCs),432,Landlocked developing countries (LLDCs),,,Lesotho,426,LS,LSO,125,LS
001,World,202,Sub-Saharan Africa,11,Western Africa,1704,West and Central Africa,902,Less developed regions,199,Least Developed Countries (LDCs),,,,,Liberia,430,LR,LBR,126,LB
001,World,747,Western Asia and Northern Africa,15,Northern Africa,1611,Arab States,902,Less developed regions,,,,,,,Libya,434,LY,LBY,127,
001,World,513,Northern America and Europe,155,Western Europe,1616,non-UNFPA,901,More developed regions,,,,,,,Liechtenstein,438,LI,LIE,128,
001,World,513,Northern America and Europe,154,Northern Europe,1616,non-UNFPA,901,More developed regions,,,,,,,Lithuania,440,LT,LTU,129,
001,World,513,Northern America and Europe,155,Western Europe,1616,non-UNFPA,901,More developed regions,,,,,,,Luxembourg,442,LU,LUX,130,
001,World,202,Sub-Saharan Africa,14,Eastern Africa,1703,East and Southern Africa,902,Less developed regions,199,Least Developed Countries (LDCs),,,,,Madagascar,450,MG,MDG,131,MD
001,World,202,Sub-Saharan Africa,14,Eastern Africa,1703,East and Southern Africa,902,Less developed regions,199,Least Developed Countries (LDCs),432,Landlocked developing countries (LLDCs),,,Malawi,454,MW,MWI,132,MW
001,World,753,Eastern Asia and South-eastern Asia,35,South-eastern Asia,1610,Asia and the Pacific,902,Less developed regions,,,,,,,Malaysia,458,MY,MYS,133,
001,World,62,Central Asia and Southern Asia,34,Southern Asia,1610,Asia and the Pacific,902,Less developed regions,,,,,722,Small island developing States (SIDS),Maldives,462,MV,MDV,134,MV
001,World,202,Sub-Saharan Africa,11,Western Africa,1704,West and Central Africa,902,Less developed regions,199,Least Developed Countries (LDCs),432,Landlocked developing countries (LLDCs),,,Mali,466,ML,MLI,135,ML
001,World,513,Northern America and Europe,39,Southern Europe,1616,non-UNFPA,901,More developed regions,,,,,,,Malta,470,MT,MLT,136,
001,World,543,Oceania excluding Australia and New Zealand,57,Micronesia,1610,Asia and the Pacific,902,Less developed regions,,,,,722,Small island developing States (SIDS),Marshall Islands,584,MH,MHL,137,
001,World,419,Latin America and the Caribbean,29,Caribbean,1616,non-UNFPA,902,Less developed regions,,,,,,,Martinique,474,MQ,MTQ,138,
001,World,202,Sub-Saharan Africa,11,Western Africa,1704,West and Central Africa,902,Less developed regions,199,Least Developed Countries (LDCs),,,,,Mauritania,478,MR,MRT,139,MR
001,World,202,Sub-Saharan Africa,14,Eastern Africa,1703,East and Southern Africa,902,Less developed regions,,,,,722,Small island developing States (SIDS),Mauritius,480,MU,MUS,140,
001,World,202,Sub-Saharan Africa,14,Eastern Africa,1616,non-UNFPA,902,Less developed regions,,,,,,,Mayotte,175,YT,MYT,141,
001,World,419,Latin America and the Caribbean,13,Central America,1613,Latin American and Caribbean,902,Less developed regions,,,,,,,Mexico,484,MX,MEX,142,MX
001,World,543,Oceania excluding Australia and New Zealand,57,Micronesia,1610,Asia and the Pacific,902,Less developed regions,,,,,722,Small island developing States (SIDS),Micronesia (Federated States of),583,FM,FSM,143,
001,World,513,Northern America and Europe,155,Western Europe,1616,non-UNFPA,901,More developed regions,,,,,,,Monaco,492,MC,MCO,144,
001,World,753,Eastern Asia and South-eastern Asia,30,Eastern Asia,1610,Asia and the Pacific,902,Less developed regions,,,432,Landlocked developing countries (LLDCs),,,Mongolia,496,MN,MNG,145,
001,World,513,Northern America and Europe,39,Southern Europe,1616,non-UNFPA,901,More developed regions,,,,,,,Montenegro,499,ME,MNE,146,
001,World,419,Latin America and the Caribbean,29,Caribbean,1613,Latin American and Caribbean,902,Less developed regions,,,,,722,Small island developing States (SIDS),Montserrat,500,MS,MSR,147,
001,World,747,Western Asia and Northern Africa,15,Northern Africa,1611,Arab States,902,Less developed regions,,,,,,,Morocco,504,MA,MAR,148,MA
001,World,202,Sub-Saharan Africa,14,Eastern Africa,1703,East and Southern Africa,902,Less developed regions,199,Least Developed Countries (LDCs),,,,,Mozambique,508,MZ,MOZ,149,MZ
001,World,753,Eastern Asia and South-eastern Asia,35,South-eastern Asia,1610,Asia and the Pacific,902,Less developed regions,199,Least Developed Countries (LDCs),,,,,Myanmar,104,MM,MMR,150,MM
001,World,202,Sub-Saharan Africa,18,Southern Africa,1703,East and Southern Africa,902,Less developed regions,,,,,,,Namibia,516,NA,NAM,151,NM
001,World,543,Oceania excluding Australia and New Zealand,57,Micronesia,1610,Asia and the Pacific,902,Less developed regions,,,,,722,Small island developing States (SIDS),Nauru,520,NR,NRU,152,
001,World,62,Central Asia and Southern Asia,34,Southern Asia,1610,Asia and the Pacific,902,Less developed regions,199,Least Developed Countries (LDCs),432,Landlocked developing countries (LLDCs),,,Nepal,524,NP,NPL,153,NP
001,World,513,Northern America and Europe,155,Western Europe,1616,non-UNFPA,901,More developed regions,,,,,,,Netherlands,528,NL,NLD,154,
001,World,543,Oceania excluding Australia and New Zealand,54,Melanesia,1616,non-UNFPA,902,Less developed regions,,,,,722,Small island developing States (SIDS),New Caledonia,540,NC,NCL,155,
001,World,53,Australia and New Zealand,53,Australia and New Zealand,1616,non-UNFPA,901,More developed regions,,,,,,,New Zealand,554,NZ,NZL,156,
001,World,419,Latin America and the Caribbean,13,Central America,1613,Latin American and Caribbean,902,Less developed regions,,,,,,,Nicaragua,558,NI,NIC,157,NC
001,World,202,Sub-Saharan Africa,11,Western Africa,1704,West and Central Africa,902,Less developed regions,199,Least Developed Countries (LDCs),432,Landlocked developing countries (LLDCs),,,Niger,562,NE,NER,158,NI
001,World,202,Sub-Saharan Africa,11,Western Africa,1704,West and Central Africa,902,Less developed regions,,,,,,,Nigeria,566,NG,NGA,159,NG
001,World,543,Oceania excluding Australia and New Zealand,61,Polynesia,1610,Asia and the Pacific,902,Less developed regions,,,,,722,Small island developing States (SIDS),Niue,570,NU,NIU,160,
001,World,53,Australia and New Zealand,53,Australia and New Zealand,1616,non-UNFPA,902,Less developed regions,,,,,,,Norfolk Island,574,NF,NFK,161,
001,World,543,Oceania excluding Australia and New Zealand,57,Micronesia,1616,non-UNFPA,902,Less developed regions,,,,,722,Small island developing States (SIDS),Northern Mariana Islands,580,MP,MNP,162,
001,World,513,Northern America and Europe,154,Northern Europe,1616,non-UNFPA,901,More developed regions,,,,,,,Norway,578,NO,NOR,163,
001,World,747,Western Asia and Northern Africa,145,Western Asia,1611,Arab States,902,Less developed regions,,,,,,,Oman,512,OM,OMN,164,
001,World,62,Central Asia and Southern Asia,34,Southern Asia,1610,Asia and the Pacific,902,Less developed regions,,,,,,,Pakistan,586,PK,PAK,165,PK
001,World,543,Oceania excluding Australia and New Zealand,57,Micronesia,1610,Asia and the Pacific,902,Less developed regions,,,,,722,Small island developing States (SIDS),Palau,585,PW,PLW,166,
001,World,419,Latin America and the Caribbean,13,Central America,1613,Latin American and Caribbean,902,Less developed regions,,,,,,,Panama,591,PA,PAN,167,
001,World,543,Oceania excluding Australia and New Zealand,54,Melanesia,1610,Asia and the Pacific,902,Less developed regions,,,,,722,Small island developing States (SIDS),Papua New Guinea,598,PG,PNG,168,PG
001,World,419,Latin America and the Caribbean,5,South America,1613,Latin American and Caribbean,902,Less developed regions,,,432,Landlocked developing countries (LLDCs),,,Paraguay,600,PY,PRY,169,PY
001,World,419,Latin America and the Caribbean,5,South America,1613,Latin American and Caribbean,902,Less developed regions,,,,,,,Peru,604,PE,PER,170,PE
001,World,753,Eastern Asia and South-eastern Asia,35,South-eastern Asia,1610,Asia and the Pacific,902,Less developed regions,,,,,,,Philippines,608,PH,PHL,171,PH
001,World,543,Oceania excluding Australia and New Zealand,61,Polynesia,1616,non-UNFPA,902,Less developed regions,,,,,,,Pitcairn,612,PN,PCN,172,
001,World,513,Northern America and Europe,151,Eastern Europe,1616,non-UNFPA,901,More developed regions,,,,,,,Poland,616,PL,POL,173,
001,World,513,Northern America and Europe,39,Southern Europe,1616,non-UNFPA,901,More developed regions,,,,,,,Portugal,620,PT,PRT,174,
001,World,419,Latin America and the Caribbean,29,Caribbean,1616,non-UNFPA,902,Less developed regions,,,,,722,Small island developing States (SIDS),Puerto Rico,630,PR,PRI,175,
001,World,747,Western Asia and Northern Africa,145,Western Asia,1616,non-UNFPA,902,Less developed regions,,,,,,,Qatar,634,QA,QAT,176,
001,World,753,Eastern Asia and South-eastern Asia,30,Eastern Asia,1616,non-UNFPA,902,Less developed regions,,,,,,,Republic of Korea,410,KR,KOR,177,
001,World,513,Northern America and Europe,151,Eastern Europe,1612,Eastern Europe and Central Asia,901,More developed regions,,,432,Landlocked developing countries (LLDCs),,,Republic of Moldova,498,MD,MDA,178,MB
001,World,513,Northern America and Europe,39,Southern Europe,1612,Eastern Europe and Central Asia,901,More developed regions,,,432,Landlocked developing countries (LLDCs),,,Republic of North Macedonia,807,MK,MKD,219,
001,World,202,Sub-Saharan Africa,14,Eastern Africa,1616,non-UNFPA,902,Less developed regions,,,,,,,Réunion,638,RE,REU,179,
001,World,513,Northern America and Europe,151,Eastern Europe,1616,non-UNFPA,901,More developed regions,,,,,,,Romania,642,RO,ROU,180,
001,World,513,Northern America and Europe,151,Eastern Europe,1616,non-UNFPA,901,More developed regions,,,,,,,Russian Federation,643,RU,RUS,181,
001,World,202,Sub-Saharan Africa,14,Eastern Africa,1703,East and Southern Africa,902,Less developed regions,199,Least Developed Countries (LDCs),432,Landlocked developing countries (LLDCs),,,Rwanda,646,RW,RWA,182,RW
001,World,419,Latin America and the Caribbean,29,Caribbean,1616,non-UNFPA,902,Less developed regions,,,,,,,Saint Barthélemy,652,BL,BLM,183,
001,World,202,Sub-Saharan Africa,11,Western Africa,1616,non-UNFPA,902,Less developed regions,,,,,,,Saint Helena,654,SH,SHN,184,
001,World,419,Latin America and the Caribbean,29,Caribbean,1613,Latin American and Caribbean,902,Less developed regions,,,,,722,Small island developing States (SIDS),Saint Kitts and Nevis,659,KN,KNA,185,
001,World,419,Latin America and the Caribbean,29,Caribbean,1613,Latin American and Caribbean,902,Less developed regions,,,,,722,Small island developing States (SIDS),Saint Lucia,662,LC,LCA,186,
001,World,419,Latin America and the Caribbean,29,Caribbean,1616,non-UNFPA,902,Less developed regions,,,,,,,Saint Martin (French Part),663,MF,MAF,187,
001,World,513,Northern America and Europe,21,Northern America,1616,non-UNFPA,901,More developed regions,,,,,,,Saint Pierre and Miquelon,666,PM,SPM,188,
001,World,419,Latin America and the Caribbean,29,Caribbean,1613,Latin American and Caribbean,902,Less developed regions,,,,,722,Small island developing States (SIDS),Saint Vincent and the Grenadines,670,VC,VCT,189,
001,World,543,Oceania excluding Australia and New Zealand,61,Polynesia,1610,Asia and the Pacific,902,Less developed regions,,,,,722,Small island developing States (SIDS),Samoa,882,WS,WSM,190,WS
001,World,513,Northern America and Europe,39,Southern Europe,1616,non-UNFPA,901,More developed regions,,,,,,,San Marino,674,SM,SMR,191,
001,World,202,Sub-Saharan Africa,17,Middle Africa,1704,West and Central Africa,902,Less developed regions,199,Least Developed Countries (LDCs),,,722,Small island developing States (SIDS),Sao Tome and Principe,678,ST,STP,192,ST
001,World,747,Western Asia and Northern Africa,145,Western Asia,1616,non-UNFPA,902,Less developed regions,,,,,,,Saudi Arabia,682,SA,SAU,193,
001,World,202,Sub-Saharan Africa,11,Western Africa,1704,West and Central Africa,902,Less developed regions,199,Least Developed Countries (LDCs),,,,,Senegal,686,SN,SEN,194,SN
001,World,513,Northern America and Europe,39,Southern Europe,1612,Eastern Europe and Central Asia,901,More developed regions,,,,,,,Serbia,688,RS,SRB,195,
001,World,202,Sub-Saharan Africa,14,Eastern Africa,1616,non-UNFPA,902,Less developed regions,,,,,722,Small island developing States (SIDS),Seychelles,690,SC,SYC,196,
001,World,202,Sub-Saharan Africa,11,Western Africa,1704,West and Central Africa,902,Less developed regions,199,Least Developed Countries (LDCs),,,,,Sierra Leone,694,SL,SLE,197,SL
001,World,753,Eastern Asia and South-eastern Asia,35,South-eastern Asia,1616,non-UNFPA,902,Less developed regions,,,,,722,Small island developing States (SIDS),Singapore,702,SG,SGP,198,
001,World,419,Latin America and the Caribbean,29,Caribbean,1613,Latin American and Caribbean,902,Less developed regions,,,,,722,Small island developing States (SIDS),Sint Maarten (Dutch part),534,SX,SXM,199,
001,World,513,Northern America and Europe,151,Eastern Europe,1616,non-UNFPA,901,More developed regions,,,,,,,Slovakia,703,SK,SVK,200,
001,World,513,Northern America and Europe,39,Southern Europe,1616,non-UNFPA,901,More developed regions,,,,,,,Slovenia,705,SI,SVN,201,
001,World,543,Oceania excluding Australia and New Zealand,54,Melanesia,1610,Asia and the Pacific,902,Less developed regions,199,Least Developed Countries (LDCs),,,722,Small island developing States (SIDS),Solomon Islands,90,SB,SLB,202,
001,World,202,Sub-Saharan Africa,14,Eastern Africa,1611,Arab States,902,Less developed regions,199,Least Developed Countries (LDCs),,,,,Somalia,706,SO,SOM,203,
001,World,202,Sub-Saharan Africa,18,Southern Africa,1703,East and Southern Africa,902,Less developed regions,,,,,,,South Africa,710,ZA,ZAF,204,ZA
001,World,419,Latin America and the Caribbean,5,South America,1616,non-UNFPA,902,Less developed regions,,,,,,,South Georgia and the South Sandwich Islands,239,GS,SGS,205,
001,World,202,Sub-Saharan Africa,14,Eastern Africa,1703,East and Southern Africa,902,Less developed regions,199,Least Developed Countries (LDCs),432,Landlocked developing countries (LLDCs),,,South Sudan,728,SS,SSD,206,
001,World,513,Northern America and Europe,39,Southern Europe,1616,non-UNFPA,901,More developed regions,,,,,,,Spain,724,ES,ESP,207,
001,World,62,Central Asia and Southern Asia,34,Southern Asia,1610,Asia and the Pacific,902,Less developed regions,,,,,,,Sri Lanka,144,LK,LKA,208,LK
001,World,747,Western Asia and Northern Africa,145,Western Asia,1611,Arab States,902,Less developed regions,,,,,,,State of Palestine,275,PS,PSE,209,
001,World,747,Western Asia and Northern Africa,15,Northern Africa,1611,Arab States,902,Less developed regions,199,Least Developed Countries (LDCs),,,,,Sudan,729,SD,SDN,210,SD
001,World,419,Latin America and the Caribbean,5,South America,1613,Latin American and Caribbean,902,Less developed regions,,,,,722,Small island developing States (SIDS),Suriname,740,SR,SUR,211,
001,World,513,Northern America and Europe,154,Northern Europe,1616,non-UNFPA,902,Less developed regions,,,,,,,Svalbard and Jan Mayen Islands,744,SJ,SJM,212,
001,World,513,Northern America and Europe,154,Northern Europe,1616,non-UNFPA,901,More developed regions,,,,,,,Sweden,752,SE,SWE,214,
001,World,513,Northern America and Europe,155,Western Europe,1616,non-UNFPA,901,More developed regions,,,,,,,Switzerland,756,CH,CHE,215,
001,World,747,Western Asia and Northern Africa,145,Western Asia,1611,Arab States,902,Less developed regions,,,,,,,Syrian Arab Republic,760,SY,SYR,216,
001,World,62,Central Asia and Southern Asia,143,Central Asia,1612,Eastern Europe and Central Asia,902,Less developed regions,,,432,Landlocked developing countries (LLDCs),,,Tajikistan,762,TJ,TJK,217,TJ
001,World,753,Eastern Asia and South-eastern Asia,35,South-eastern Asia,1610,Asia and the Pacific,902,Less developed regions,,,,,,,Thailand,764,TH,THA,218,TH
001,World,753,Eastern Asia and South-eastern Asia,35,South-eastern Asia,1610,Asia and the Pacific,902,Less developed regions,199,Least Developed Countries (LDCs),,,722,Small island developing States (SIDS),Timor-Leste,626,TL,TLS,220,TL
001,World,202,Sub-Saharan Africa,11,Western Africa,1704,West and Central Africa,902,Less developed regions,199,Least Developed Countries (LDCs),,,,,Togo,768,TG,TGO,221,TG
001,World,543,Oceania excluding Australia and New Zealand,61,Polynesia,1610,Asia and the Pacific,902,Less developed regions,,,,,,,Tokelau,772,TK,TKL,222,
001,World,543,Oceania excluding Australia and New Zealand,61,Polynesia,1610,Asia and the Pacific,902,Less developed regions,,,,,722,Small island developing States (SIDS),Tonga,776,TO,TON,223,
001,World,419,Latin America and the Caribbean,29,Caribbean,1613,Latin American and Caribbean,902,Less developed regions,,,,,722,Small island developing States (SIDS),Trinidad and Tobago,780,TT,TTO,224,TT
001,World,747,Western Asia and Northern Africa,15,Northern Africa,1611,Arab States,902,Less developed regions,,,,,,,Tunisia,788,TN,TUN,225,TN
001,World,747,Western Asia and Northern Africa,145,Western Asia,1612,Eastern Europe and Central Asia,902,Less developed regions,,,,,,,Türkiye,792,TR,TUR,226,TR
001,World,62,Central Asia and Southern Asia,143,Central Asia,1612,Eastern Europe and Central Asia,902,Less developed regions,,,432,Landlocked developing countries (LLDCs),,,Turkmenistan,795,TM,TKM,227,TM
001,World,419,Latin America and the Caribbean,29,Caribbean,1613,Latin American and Caribbean,902,Less developed regions,,,,,,,Turks and Caicos Islands,796,TC,TCA,228,
001,World,543,Oceania excluding Australia and New Zealand,61,Polynesia,1610,Asia and the Pacific,902,Less developed regions,199,Least Developed Countries (LDCs),,,722,Small island developing States (SIDS),Tuvalu,798,TV,TUV,229,
001,World,202,Sub-Saharan Africa,14,Eastern Africa,1703,East and Southern Africa,902,Less developed regions,199,Least Developed Countries (LDCs),432,Landlocked developing countries (LLDCs),,,Uganda,800,UG,UGA,230,UG
001,World,513,Northern America and Europe,151,Eastern Europe,1612,Eastern Europe and Central Asia,901,More developed regions,,,,,,,Ukraine,804,UA,UKR,231,UA
001,World,747,Western Asia and Northern Africa,145,Western Asia,1616,non-UNFPA,902,Less developed regions,,,,,,,United Arab Emirates,784,AE,ARE,232,
001,World,513,Northern America and Europe,154,Northern Europe,1616,non-UNFPA,901,More developed regions,,,,,,,United Kingdom of Great Britain and Northern Ireland,826,GB,GBR,233,
001,World,202,Sub-Saharan Africa,14,Eastern Africa,1703,East and Southern Africa,902,Less developed regions,199,Least Developed Countries (LDCs),,,,,United Republic of Tanzania,834,TZ,TZA,234,TZ
001,World,543,Oceania excluding Australia and New Zealand,57,Micronesia,1616,non-UNFPA,902,Less developed regions,,,,,,,United States minor outlying islands,581,UM,UMI,235,
001,World,513,Northern America and Europe,21,Northern America,1616,non-UNFPA,901,More developed regions,,,,,,,United States of America,840,US,USA,236,
001,World,419,Latin America and the Caribbean,29,Caribbean,1616,non-UNFPA,902,Less developed regions,,,,,722,Small island developing States (SIDS),United States Virgin Islands,850,VI,VIR,237,
001,World,419,Latin America and the Caribbean,5,South America,1613,Latin American and Caribbean,902,Less developed regions,,,,,,,Uruguay,858,UY,URY,238,
001,World,62,Central Asia and Southern Asia,143,Central Asia,1612,Eastern Europe and Central Asia,902,Less developed regions,,,432,Landlocked developing countries (LLDCs),,,Uzbekistan,860,UZ,UZB,239,UZ
001,World,543,Oceania excluding Australia and New Zealand,54,Melanesia,1610,Asia and the Pacific,902,Less developed regions,,,,,722,Small island developing States (SIDS),Vanuatu,548,VU,VUT,240,
001,World,419,Latin America and the Caribbean,5,South America,1613,Latin American and Caribbean,902,Less developed regions,,,,,,,Venezuela (Bolivarian Republic of),862,VE,VEN,241,
001,World,753,Eastern Asia and South-eastern Asia,35,South-eastern Asia,1610,Asia and the Pacific,902,Less developed regions,,,,,,,Viet Nam,704,VN,VNM,242,VN
001,World,543,Oceania excluding Australia and New Zealand,61,Polynesia,1616,non-UNFPA,902,Less developed regions,,,,,,,Wallis and Futuna Islands,876,WF,WLF,243,
001,World,747,Western Asia and Northern Africa,15,Northern Africa,1616,non-UNFPA,902,Less developed regions,,,,,,,Western Sahara,732,EH,ESH,244,
001,World,747,Western Asia and Northern Africa,145,Western Asia,1611,Arab States,902,Less developed regions,199,Least Developed Countries (LDCs),,,,,Yemen,887,YE,YEM,245,YE
001,World,202,Sub-Saharan Africa,14,Eastern Africa,1703,East and Southern Africa,902,Less developed regions,199,Least Developed Countries (LDCs),432,Landlocked developing countries (LLDCs),,,Zambia,894,ZM,ZMB,246,ZM
001,World,202,Sub-Saharan Africa,14,Eastern Africa,1703,East and Southern Africa,902,Less developed regions,,,432,Landlocked developing countries (LLDCs),,,Zimbabwe,716,ZW,ZWE,247,ZW